{
    "configname": "FHD60fps_sakurazaka46",
    "fps": 60,
    "downfr": 1,
    "moviebitrate": 4000,
    "moviecodec": "h264",
    "column": 1,
    "linecolor": [
        0.9450980392156862,
        0.615686274509804,
        0.7098039215686275,
        1
    ],
    "backcolor": [
        0,
        0,
        0,
        1
    ],
    "smprange": 1000,
    "frameheight": 1080,
    "framewidth": 1920,
    "linebold": 0.4,
    "visualtype": "oscilloscope"
}